,exptid,id,sclass,t_train,t_eval,mse,mae,mape,smape
1,142,501012022,D,411.1516876782501,18.84289408499899,0.023151327260117625,0.11901248735119238,14.963263200219586,15.969416638270287
2,172,501011121,D,388.1785058057166,17.138138948001142,0.003122050304830441,0.02637438266368422,4.042116248934943,3.37513787603256
4,62,501017061,R,32.73021273776667,10.349602092999929,0.002955995446161586,0.03947094703187971,4.826815376025504,4.597362297708691
5,247,501016072,M,35.39025085045,1.6176840240000274,0.0013050133,0.018179765,2.3009182885289188,2.0908797159790997
6,101,500010122,D,425.58429205241663,18.560390822000045,0.0016280477657624947,0.02127120216801996,2.8016334822155167,2.7045442939896787
7,1,500010101,R,32.34337261793333,10.185313755999914,0.012187466777295763,0.0557657625963469,15.553390365753383,22.217000095596337
8,106,500011063,D,384.3285802209333,16.67348009700072,0.0010874908343687798,0.018824112874982937,2.2622782156379557,2.115430448468489
9,22,500011073,R,31.563931010399997,10.039317135999909,0.0006361740938675209,0.01727764183239882,2.050350507299798,2.0543093812419886
10,132,501010102,D,394.05972158356667,17.19746644100087,0.0029470169601679714,0.036350641818909145,5.574272880881399,5.464998302626955
11,45,501012071,R,36.58190109245,11.6725990609998,0.0005731006839751426,0.01667838570630962,2.2389355906496418,2.187170070414293
12,223,500014102,M,35.14898820883333,1.5986920159998592,0.009668293,0.053273447,19.59744542837143,12.90222704410553
13,185,501016102,D,413.65092104735,18.016299461000017,0.005469821802149935,0.03188909146315444,7.388991674257082,5.29545898331552
14,66,501010062,R,36.0481794248,11.271259265000026,0.007663525128187312,0.04613840246387594,8.784386123698619,7.993183687663971
15,72,501011091,R,32.75454716266667,10.650656649000213,0.0018821717416487801,0.029187208844665174,3.7175058204519087,3.701804274721933
16,71,501011041,R,32.611016905616665,10.352835798000118,0.0005855541886731066,0.018358592707639572,2.1442891653587792,2.1045389111450827
17,10,500014092,R,31.576652866233335,10.33367572599991,0.006017003261826819,0.05244540652021448,7.948020471187426,7.660534498358598
18,236,501011092,M,35.719114730399994,1.8196361820000675,0.001419375,0.025061253,3.1474024057388306,3.112018294632435
19,53,501016123,R,35.45569077838333,10.946356139999807,0.003324922629085294,0.02741828769136504,6.544607800693117,4.021515122006951
20,124,500014102,D,402.88085006793335,17.656484070001174,0.009146070843118572,0.05321940878068528,18.505935929288064,12.410512757577608
21,123,500014091,D,392.1030604933833,17.256502553002065,0.00970296364403187,0.0573198203300364,18.910238425515054,13.824125747786296
22,134,501010131,D,403.3690460904666,17.734893766002642,0.003987337158190897,0.029789143759027713,5.348382343060691,4.710744850335403
23,217,500011033,M,31.6598377382,1.4677518020000662,0.0035928239,0.0313608,4.91168610751629,4.1825439780950555
24,107,500011072,D,379.91126906775,16.683452823999687,0.00028456200866703804,0.010888107090267576,1.2804877834815425,1.2870176735817678
25,278,501012081,M,32.86069344711667,1.4430417649998617,0.003063459,0.02753699,5.548690631985664,3.6812968552112584
27,158,501017032,D,395.54341668895,17.144473450000078,0.0038474797106502257,0.041506163621884126,6.128264615292236,5.106142376488842
29,133,501010112,D,392.2796453878501,16.855337403001613,0.0024606589407929,0.01916028074086864,3.8679848147445983,3.0073233852048142
30,35,501010131,R,36.112361868949996,11.276629758000126,0.007589419799459975,0.03789248557710071,7.285575366723923,5.527878267004793
31,209,500014111,M,32.073488973766665,1.4975268630000755,0.0013266787,0.02845638,3.837875649333,3.7168797105550766
32,162,501010023,D,378.4594729558333,16.270165779002127,0.00036388176995154185,0.013170015418074305,1.641962380168367,1.6176782489267447
33,65,501010052,R,35.809894656016674,11.358026203999998,0.0030434115857112683,0.0294845984726917,3.69270413701305,3.4297400292690265
34,112,500014132,D,379.17958117008334,17.213969676002307,0.0031389815346202442,0.026500046865142672,4.228315576323638,3.3705085049959296
35,63,501010023,R,35.3552532786,11.15580255399982,0.0005056308787297118,0.015793761606607802,1.9618882743488717,1.9314718494648617
36,166,501010103,D,413.5861372763667,17.158365335999406,0.0011867491569735075,0.01783618714574339,2.6400573165550143,2.5172545230277983
37,75,501011142,R,31.333019763350002,9.93914692999988,0.007079496499621094,0.037846641106732935,7.245081936674746,5.133709054429675
38,263,501010052,M,35.17762442405,1.5272599750001064,0.0008260412,0.015403961,1.8837057054042816,1.826070062816143
39,96,501017062,R,31.640396467683335,9.990084042000037,0.0023391227927385162,0.033714711019237016,4.040271960190978,3.8694695327584885
40,147,501012111,D,487.62702396441665,23.985207330999398,0.0020367628775203182,0.02044026250628767,3.0865180028493326,2.6600168754680404
42,197,500017012,D,476.8207608394501,22.55735343099877,0.003067303727190361,0.032207140267115825,5.5348942650546755,4.785181683506877
43,198,500010093,M,31.915690600416667,1.4517250129999866,0.008692119,0.04360794,15.884421765804289,8.977720886468886
44,102,500010142,D,432.69224607356665,18.90458814399972,0.009705857584619771,0.04836461603682965,14.294074249538117,8.963919112319473
45,28,500014133,R,31.480291010533335,9.953563847999929,0.01114284308732105,0.04584713879839492,19.566917010010584,7.198702229473488
46,81,501012101,R,32.60946538298333,10.415690532000099,0.0009937414583750645,0.017915054868303006,2.1531542359598443,2.1348543781185003
47,148,501016072,D,429.4380688865167,19.108619423001073,0.0012222410503978224,0.01697585068502945,2.1559022864904924,1.9566968503445188
48,181,501012112,D,462.08937070691667,18.75354015300036,0.0006642075445742514,0.01646538137011674,1.95330913079135,1.9096878668475263
49,287,501016143,M,44.13424107065,1.9924218989999645,0.0050912592999999996,0.053163207999999997,7.7476538717746735,7.195746898651122
50,277,501012072,M,35.83159147746667,1.5716556869997476,0.0005517702,0.013100848,1.8682390451431277,1.8046468496322632
51,86,501016102,R,31.5178040627,10.18105171100001,0.006971159129359804,0.036681450803249714,8.31048352336166,5.893217652116507
52,61,501017051,R,33.048312760516666,10.48283357399987,0.006535803779839478,0.05000977367011193,7.634513503097364,6.402224868138299
54,279,501012101,M,34.69088054436667,1.5813062960000934,0.0005084107,0.011223569499999999,1.3773095794022083,1.3362823985517025
55,281,501016071,M,32.89294322285,1.413297027999988,0.009423326999999999,0.045501232,11.5199014544487,8.092646300792692
56,290,501017022,M,33.852894398766665,1.5286877549999645,0.0025453055,0.01824142,3.588014841079712,2.4801254272460938
57,282,501016082,M,35.536492815033334,1.635408068000288,0.015781016999999998,0.057318117,33.82962942123413,13.075155019760132
58,219,500011062,M,31.947076541716665,1.4268589329999486,0.0010345945,0.019212121000000002,2.416765317320824,2.137378789484501
59,44,501012042,R,33.89201297746666,10.798972656999695,0.0046721522946640524,0.04201358030486789,6.442979834795631,5.378158466824366
60,21,500011062,R,32.971284705466665,10.663431332999837,0.0015577224279083818,0.0234737248499636,2.7966293666348947,2.647619952276925
61,211,500014132,M,31.706403541799997,1.5056635139999344,0.003006412,0.025105442999999998,4.042360931634904,3.2107967883348465
63,292,501017042,M,34.91224285728334,1.563207505000264,0.003665142,0.03884698,7.513897120952606,4.995618760585785
64,16,500010121,R,35.47541514103333,11.244840266000212,0.001138253316951209,0.024306014760135962,2.9065733965146188,2.9389890904704696
66,214,500010121,M,35.027778309283335,1.5586392710001746,0.0005651754,0.012048271499999999,1.480103936046362,1.4522969722747805
67,256,501017023,M,32.81982264225,1.4075133679998544,0.0021839265,0.020685442,3.0303621664643288,2.6109505444765095
68,64,501010032,R,33.7940272997,10.808479444999875,0.0008413952815727329,0.02062651792188987,2.4010806269004608,2.3450079659516567
69,92,501017022,R,32.78663361426667,10.26593677699998,0.0033113293139267128,0.032300360733656316,5.04222951292566,4.1318006164887855
70,131,501010061,D,391.1338577333833,16.744582253999397,0.0016490748942977972,0.019812203527072636,2.78773695671626,2.691943537566565
71,48,501012111,R,31.4962946326,9.999770878999923,0.0027951719269868236,0.024132238880800662,3.5097472582129754,3.1346420139537505
72,79,501012072,R,36.14129729023333,11.410818430999825,0.0018294420995146156,0.0338182473591086,4.690313808151512,4.50503011920754
73,18,500011022,R,31.53343206413333,10.208873651999967,0.0019268206216386864,0.02496173879453532,3.6585847429166463,3.5314612224723927
74,269,501011041,M,34.68398895478334,1.529322647999834,0.00020461845000000002,0.009811113,1.1491902172565458,1.1359900236129759
75,33,501010102,R,32.49909393138333,10.589977270999952,0.005841383377992866,0.04763794353636134,7.661029135139603,7.015342373210938
76,169,501010153,D,380.2495828195334,17.110001477001788,0.00021698688953204631,0.010320674091205484,1.2850307000501762,1.2694188123926191
77,122,500011102,D,392.31312408968336,17.521363018000557,0.0005475032970409064,0.01328209086824176,1.722429413697419,1.7258450609657188
78,202,500011021,M,31.693855922533334,1.4277991779999866,0.00027029062000000003,0.011189372,1.3767823576927185,1.3626981526613235
79,31,501010053,R,31.470227583466666,10.212265960999957,0.0009989971194008537,0.018234346927454702,2.435699010314956,2.3438066782707434
80,143,501012042,D,427.02066110163327,18.504595244001397,0.00250459016563082,0.02512541511884394,4.3891859441765835,3.2162604029448887
81,296,500017012,M,32.397581594483334,1.4763698679998924,0.003833654,0.041339226,6.751733273267746,6.021317467093468
82,248,501016081,M,32.94895736783334,1.4131661630001418,0.0009346115,0.018967975,2.603742852807045,2.3995529860258102
83,163,501010032,D,470.7050880602667,23.51763998999741,0.00044266719485720984,0.014382253217641925,1.6770473585096448,1.649269165568907
85,226,500014133,M,32.114983528299994,1.4292064469998422,0.0063029253000000006,0.03027311,13.413490355014801,4.895921424031258
87,43,501012022,R,32.484634441,10.352765117999981,0.02295468776114857,0.13362604336073314,16.709627927633164,17.292247540253495
88,20,500011053,R,32.78671129311667,10.383999283000094,0.003500807492508653,0.024674232562002556,5.1280236118023215,3.1501179452651096
89,284,501016102,M,45.3887606498,2.0875355160001163,0.005308183,0.031067072999999997,7.321140915155411,5.231370031833649
90,173,501011131,D,394.21547135674996,17.013009848000365,0.0049781547107694704,0.03205548256125577,5.587604592465349,4.159107379028496
91,160,501017051,D,384.48202208936675,17.37583407400234,0.003546519594780713,0.03223218475533954,5.061454388059518,4.30715561914478
92,233,501010131,M,33.70385390831667,1.5613275700000033,0.0038120985999999996,0.029080143,5.39780966937542,4.451405629515649
93,103,500011021,D,405.90739724549996,17.938544553999233,0.00028920617034274183,0.011114248168496757,1.368053297008636,1.3519062938741122
94,199,500010101,M,31.86667558655,1.4228058829999097,0.010972715,0.049536634,22.60652035474777,12.33021467924118
95,183,501016082,D,425.0729634512834,18.885006880998844,0.017205137912338433,0.06319901751580446,34.534658719749416,13.133201496060533
96,187,501016132,D,379.13179319785,17.085823736000748,0.002524720326627978,0.027676226085418358,4.312127618111285,3.8755333041179463
97,117,500011022,D,437.24255033388334,19.2332390019983,0.001147736476605182,0.015271017899334731,2.334325886657505,2.199967546875145
98,201,500010142,M,31.761859455166665,1.511944493999863,0.0093016075,0.04840974,14.8520827293396,9.178293496370317
99,60,501017043,R,32.66842919326667,10.18861757700006,0.006280306779292111,0.0451700957801856,8.424390062639779,5.648928352989294
100,84,501016082,R,35.4424826088,11.08055264099994,0.023776999832501543,0.06197665476166619,34.90526356033686,14.16170895535494
101,23,500011102,R,32.32503194541667,10.215840391000027,0.0008608421701670418,0.017852485135289392,2.3491276530975105,2.321270600895111
102,237,501011122,M,31.46781294663333,1.356091529999958,0.0066527175,0.04167134,7.542788237333298,6.429452449083327
103,180,501012101,D,414.34464211750003,18.728286929999737,0.0005289561027026742,0.013138380677302544,1.595913983888221,1.5571529787332363
104,130,501010053,D,378.0435113729834,16.62752236199958,0.0006515401321696381,0.015402296296770288,2.050031980277049,1.9914845288641057
105,38,501011092,R,31.341577545516667,10.12132358000008,0.0032026506670485193,0.03958678614853843,4.915600976854231,4.866548091644189
106,14,500010092,R,36.04767801465,11.399607354000182,0.006233393768981267,0.060884663071507576,7.654672972043394,6.977547758155602
107,47,501012102,R,31.567318663416664,9.933875730999944,0.002520576148228161,0.04242418999381505,5.602428601640058,5.3805866802460125
108,39,501011122,R,35.187245170666664,11.581201727999995,0.013180604452327908,0.055652663255201816,9.823889543948702,10.196278604465576
109,245,501012102,M,31.978750278683332,1.4075357389999679,0.0007139062,0.017621867,2.3721816018223763,2.3007569834589963
110,221,500011102,M,32.830699145433336,1.4722671970000647,0.0005514657,0.013727013,1.7726000398397446,1.7862224951386452
112,108,500011092,D,391.89788407748335,16.955526685000223,0.0003958968256132051,0.010727770775531312,1.2859374885122432,1.2809205238684618
113,113,500010092,D,382.66821642581664,16.43759896499978,0.0017320304493047445,0.026867391656812137,3.6466522504142778,3.165795740000652
114,24,500014091,R,33.78419466001667,10.659698957000048,0.017274153514584698,0.06737418713785982,25.634216141483574,15.399865903280993
115,55,501016142,R,35.89799221125,11.411147185000116,0.005778232408349636,0.05332529174531879,10.704404678607057,6.440730262891065
116,175,501011152,D,403.2985843997333,19.228710586001398,0.011178037892504293,0.054403407414074116,15.637363546042009,10.710543556357617
117,259,501017051,M,31.814786001450003,1.4260655329999283,0.0035537997999999997,0.032725647000000004,5.1441699266433725,4.3841466307640085
118,294,501017062,M,34.37491421328333,1.4954286219999633,0.0009483846400000001,0.022301985,2.6560092344880104,2.5828294456005096
120,241,501012022,M,31.592417678516668,1.3774382430001424,0.012695693999999999,0.10084445,13.025832176208494,13.002347946166992
121,212,500010092,M,31.917254750816664,1.4994836900000337,0.0020851668,0.031545337,4.16167750954628,3.735422343015671
122,76,501011152,R,31.863979980866667,10.067223973999944,0.011511510748466002,0.05187578592265298,15.031188608694642,10.227105171102087
123,234,501010152,M,33.675766589316666,1.4437442339999509,0.00016588878,0.008953102,1.1074684560298922,1.096201967447996
124,238,501011132,M,35.65389367616667,1.5379483800002165,0.008553124,0.046096485,9.974241256713867,8.222478628158571
125,58,501017023,R,31.506506628783335,9.974893802999986,0.003181061380430409,0.030642861362654213,4.231654440042548,3.6148995154883994
126,174,501011142,D,386.78619013351664,16.702511548002807,0.004689440767747407,0.030518308295155762,5.814345762792468,4.302994861732003
127,26,500014112,R,35.716107889266674,11.406047716000106,0.01918314262969969,0.05964115369204935,34.82246250413196,12.87688903240799
128,25,500014102,R,36.1025540927,11.421478915000081,0.015841837712608532,0.058166763439121326,24.496825887018517,13.130088834919984
129,191,501017022,D,483.49202356753335,26.0674141419986,0.002365311268444776,0.018220243248790763,3.4822147870259563,2.5127925155996835
130,32,501010061,R,32.7928992004,10.374495789000092,0.0027926482399647985,0.02245307063972897,3.189404266075899,3.0995976853516067
132,3,500010142,R,32.628232169966665,10.720869491000029,0.01256589808840335,0.053895693120630236,13.673162694236789,9.193224440612493
133,37,501011032,R,31.6046128984,10.086303167000096,0.00024010676490321826,0.012452562925711612,1.5582561146943708,1.5574818760263789
135,186,501016122,D,390.8046335216667,17.887603905001015,0.004299625255896057,0.025908603011763842,7.142843215766572,4.144238690849247
136,195,501017062,D,454.83305489105,22.248092379002628,0.0008412068183687093,0.02092459543740649,2.4822209394467722,2.42258256214385
137,222,500014091,M,31.846398428200004,1.5293048329999692,0.00916767,0.057104267,18.226371705532074,13.826990127563475
138,216,500011022,M,33.88795902698333,1.5910374449999836,0.0011187781,0.015092708,2.3141035810112958,2.177109941840172
139,144,501012071,D,415.1554092029833,18.357440241998123,0.0002468633789201691,0.009842057823326766,1.325702785771415,1.3042835898037433
140,34,501010112,R,33.89134403606666,10.834859690999794,0.005398044170593374,0.02862346805419577,6.10439152460854,4.203750015675501
141,59,501017032,R,31.791107428516668,10.235488913000154,0.01033412192881828,0.06989378843468923,9.829532946421963,10.60011071401128
142,271,501011121,M,32.9461337707,1.4543088620000617,0.003243942,0.02793296,4.290623962879181,3.566811978816986
143,164,501010052,D,412.85009940218333,17.295512606000553,0.0008662374848651508,0.015952617250286526,1.9455084908819813,1.8858766450717983
144,146,501012102,D,416.6443277161167,18.34400939900297,0.0006726005561999919,0.019185794475626988,2.5589497583125542,2.4964434552456995
145,126,500014122,D,417.85248204026664,17.57679147899762,0.010126493157460493,0.0456175535586061,17.20694411655896,8.265387986102606
146,273,501011142,M,31.347997264233335,1.470236827000008,0.004503823,0.030594463,5.803501605987549,4.3439824134111396
147,168,501010132,D,389.74700315535006,16.721705407999252,0.0007682613241624817,0.017137120475066967,2.2515573970832747,2.1831989259268347
148,227,501010022,M,34.64851591113333,1.5353245440001049,0.00018478357,0.009285836,1.0490363463759422,1.0385205037891865
150,231,501010102,M,31.8707614149,1.4080741800000849,0.0025913285,0.032111995,4.9920644611120215,4.863542690873147
151,152,501016123,D,505.03740236485004,19.593026884998835,0.0024092920833607197,0.021478548933108643,6.047193761819718,3.1652734097267974
152,29,501010022,R,31.64320646133333,9.876656797999882,0.0003541399236156193,0.012924037090935276,1.4579068164786393,1.4361358270423945
153,135,501010152,D,406.38975293293333,18.055305470999887,0.00016194909679549267,0.008740587937645351,1.0819535608006583,1.0704932445785924
154,266,501010113,M,47.416293668650006,2.429080320000139,0.0033406883,0.020763302,4.855566471815108,3.2929766923189163
155,67,501010103,R,31.3352565666,9.807524747000118,0.002738216741412401,0.029907012921110126,4.389785695725904,4.074972413147271
156,232,501010112,M,32.80140289811667,1.4275502240000149,0.0021036766,0.01658834,3.394020348787308,2.670695446431637
157,267,501010132,M,35.923584971400004,1.6019959170002949,0.0006541044,0.016216287,2.1172890439629555,2.0595833659172063
159,74,501011131,R,33.75381133025,10.788374232000024,0.00873306005680392,0.05725314779333265,8.727299935388483,6.802548862497622
160,285,501016122,M,31.7676951657,1.4021721629999322,0.0042373817,0.025520109,7.164355367422104,4.111557453870772
161,159,501017043,D,468.10703958856664,19.696742487998566,0.003505632631088302,0.02584908272483312,5.568446955837455,3.4655183877705715
162,88,501016132,R,35.993149324933334,11.370137637999962,0.003167564664671345,0.030799045076745583,4.831980795390284,4.239958458856936
163,8,500011072,R,33.029404884899996,10.635550542999908,0.0004362659373232375,0.014181826942732512,1.6732538694712376,1.679619556609104
164,210,500014121,M,35.17414870523333,1.5239697449997038,0.0020447422,0.021922777999999997,3.2160181552171707,2.7724303305149083
165,161,501017061,D,482.1548146471667,19.27851748600005,0.0017984017970529016,0.029397860642884306,3.601651252779812,3.4646908463851336
166,262,501010032,M,31.460767944049998,1.479936654000085,0.0005625747000000001,0.016377933,1.911691389977932,1.874794997274876
167,154,501016142,D,429.32373154805,18.83012192499882,0.0030610718439617692,0.029304653141208406,7.843285297811974,3.795132845819656
168,258,501017043,M,33.796770827816665,1.4926037170000654,0.0039625494,0.027772339,6.1187271028757095,3.678256645798683
169,82,501012112,R,32.6511668513,10.440838147000024,0.0009882162816138922,0.021438865996831983,2.5463026958240023,2.472556976090904
170,121,500011073,D,379.1789100109666,16.594390800000838,0.00030888537996374125,0.010013117191642109,1.1888708441470193,1.1838134900079686
171,270,501011091,M,31.746575575049995,1.4067839130000266,0.0007923545,0.016838906,2.1715810522437096,2.138425037264824
172,80,501012081,R,32.5568166821,10.352433281999993,0.005098963898108181,0.037715194713077466,7.014991346834072,4.782296593464411
173,235,501011032,M,34.931449406716666,1.5187947809999969,0.00025933346,0.011422064,1.4452023431658745,1.4254256151616571
174,272,501011131,M,31.58894766365,1.3899948020000463,0.005780515,0.031152446,5.831903591752052,4.099612310528754
175,291,501017033,M,31.910034273666668,1.5049951779999446,0.0024435106,0.024678936000000002,4.691458866000176,3.3373657613992687
176,203,500011032,M,31.637415354916666,1.4198674369999935,0.0005350213,0.018615023999999997,2.0668216049671173,2.03490499407053
177,51,501016092,R,32.555442340700004,10.252725260000034,0.0015026778133715784,0.02022549721213449,3.04339848377037,2.6106594791343816
179,2,500010122,R,31.72793889591667,10.228229947999806,0.002236797871655417,0.023902243331839847,3.1553060324928466,2.9625199500387613
180,100,500010101,D,395.0014044913833,17.086316857003116,0.01172936163167094,0.04888723316809001,22.271952033627606,11.210028006909466
181,97,500017011,R,31.629084336433333,10.231963480000104,0.0071679574385555035,0.0474687301067318,6.474167416359713,22.018420099102503
182,182,501016071,D,405.319995908,17.260568262998277,0.009607915816214495,0.0468020799183589,11.50227148945606,8.172422093292136
183,7,500011063,R,31.535539950666664,10.205950199999961,0.0013997099533837119,0.02092936747914545,2.515284106942849,2.3540767130033817
184,257,501017032,M,31.733248916249998,1.4191219360000105,0.0040546474,0.046705935,6.692253053188324,5.6948788464069375
185,206,500011072,M,36.2841937364,1.5474330970000665,0.00027825806,0.010804435,1.272051502019167,1.2773753143846989
186,242,501012042,M,34.40490472845,1.487466539000252,0.0023969489999999998,0.026652226,4.6424295753240585,3.3542435616254807
187,73,501011121,R,35.48740880503333,11.78558544400039,0.007996531481539842,0.05914513687642895,8.191302229232326,6.973972181641662
188,264,501010062,M,32.87264706598333,1.4068663630000628,0.0049801976,0.040160343,7.744233310222626,6.886174529790878
191,200,500010122,M,31.575096206049995,1.4076202109999942,0.0012100214,0.018389693000000002,2.4373995140194893,2.3491283878684044
192,15,500010102,R,33.62092989043334,10.83560611400003,0.001812705569903252,0.024161966567861053,3.3191799213432835,3.148343262890163
193,150,501016092,D,490.4433075395834,19.508499740000843,0.0010919481441749037,0.015222276325224953,2.391360010317264,2.011896978352376
194,167,501010113,D,388.2280338875001,17.222785894002303,0.003547975723594678,0.019902118345598296,4.723448921975175,3.192324440958417
195,12,500014121,R,33.08002201363333,10.565579454000043,0.002269819239375307,0.024501352253986714,3.555515454603108,3.0555645967907514
196,36,501010152,R,35.58741373133333,11.203803849999986,0.0003734747903569745,0.013408929365880408,1.6601648981431227,1.6319679825390505
198,128,501010022,D,392.0309468056,17.367084126999544,0.00023008068195169682,0.010412825185104608,1.1765529665118473,1.162603802444437
199,188,501016143,D,390.79865330846667,16.811637390001124,0.0041796952444802,0.04063221899851368,6.190293661464287,5.6076063377533725
200,109,500014092,D,392.53116925685003,16.941582684001332,0.005822785183668009,0.04710082804925905,7.919239758535401,7.302033514018118
201,139,501011132,D,395.86666885926667,18.672624438997445,0.008490891796894561,0.04757423531039956,9.73274336601068,8.298628772655025
202,215,500010143,M,32.77063676465,1.4075379999999311,0.0030024655,0.032048743,4.248908907175064,3.959302604198456
203,239,501011141,M,32.84834801736667,1.4253055730000597,0.006338853,0.04347864,9.033560752868652,7.11086243391037
204,289,501017011,M,32.85621434443333,1.4056324749999476,0.0028912191999999996,0.025689432,6.0354843735694885,4.616810753941536
205,179,501012081,D,389.1026983015167,17.64430617200196,0.0029466265632064072,0.023689956236764304,5.059894995749941,3.2254848933652127
206,116,500010143,D,424.96390750970005,18.519510255999197,0.002756750694460123,0.03049823818603646,4.034039768820913,3.771538421901567
207,196,500017011,D,450.5077330077833,25.303340607999417,0.0027272337153647266,0.026753113185637032,3.6971703027226788,3.625606999351881
208,225,500014122,M,32.33227823246666,1.4403649299999868,0.009451149,0.043975513,16.624940931797028,8.72291624546051
209,207,500011092,M,31.954832894950002,1.4573497480000697,0.00042702802,0.011327849,1.3603894039988518,1.3527427799999714
210,205,500011063,M,31.918987149683336,1.5106589109998367,0.0011052731,0.018924562,2.2915247827768326,2.1272042766213417
212,138,501011122,D,385.95762367603334,17.75176963099875,0.006662032054410012,0.0432220507702073,7.569836241901507,6.597614788715554
213,136,501011032,D,402.71260814415,17.96100597899931,0.00021603116923990848,0.010387641433564337,1.3133002892635974,1.2973815102665125
214,68,501010113,R,31.518306370516665,9.992711869000003,0.005729520684178621,0.02680206561911101,6.349530768716468,3.942824019666933
215,280,501012112,M,31.8477371395,1.5282670929998403,0.00068011443,0.01677709,1.992533728480339,1.9455755129456518
216,6,500011052,R,32.779561102500004,10.679756151999982,0.001398315358459018,0.026484110433506656,3.130224217675284,3.0781980699163283
218,17,500010143,R,35.573678925383334,11.13229376900017,0.005470451158875553,0.047224583328889735,5.96988768303928,5.758255966060626
219,93,501017033,R,33.73421025475,10.817477663999851,0.0038650385687866435,0.03728077177002303,6.201511916462393,4.701175529367545
221,228,501010031,M,34.5701901975,1.5811606779998328,0.00024271182,0.010859286000000001,1.3447017408907411,1.3266812078654766
222,295,500017011,M,32.689420849466664,1.4599426090001089,0.0026550794,0.027618632,3.863914683461189,3.70861366391182
223,5,500011032,R,31.425601258666667,10.080435193000085,0.001701191534116642,0.033700364522477266,3.737955539134504,3.6358477554817776
224,170,501011041,D,420.56676879810004,18.52568483399955,0.0002049436887980817,0.01007028379815989,1.1766830786830436,1.1648303488730205
225,246,501012111,M,33.740935502266666,1.5339558059999945,0.0020907766,0.021537248,3.1437076628208165,2.8668869286775585
226,220,500011073,M,31.605403142,1.3787644550000095,0.00036751275,0.011661197,1.3814096339046955,1.3821001164615154
228,120,500011062,D,380.20050544195,16.828553447998274,0.0010517980761582423,0.019227115548602108,2.423958501993706,2.1402461572804525
229,49,501016072,R,31.73854468473333,10.136308021000104,0.0018399046794603253,0.024861801257646872,3.0619217054560965,2.8077233180756798
230,83,501016071,R,33.62317742926667,10.814300942000044,0.013712631306063346,0.05234374876071967,12.24700476010107,8.550700974333504
231,297,500010093,R,34.98104280461667,11.11671715500006,0.02143136864057201,0.05724305787044249,17.889665571371047,92.93118759808657
233,192,501017033,D,400.4156858660666,16.921217222999985,0.002465435010118686,0.025048047616435587,4.619582628056848,3.3917255527884866
234,104,500011032,D,427.2677925925334,18.57414589700056,0.0004747401446892977,0.01715447833337656,1.9041511355040184,1.8764449965104189
235,69,501010132,R,31.45512912026667,9.868008460000057,0.0020800531800621697,0.02884289024972528,3.80152614004548,3.6091304869057614
236,89,501016143,R,32.56539930701667,10.325342193000097,0.011406906572063828,0.0766359986843113,10.935636790120213,10.761247144705298
237,30,501010031,R,32.82895555903334,10.30866086099991,0.00034068725905649945,0.013496257264163073,1.6689177398756017,1.6432160558250837
238,204,500011052,M,31.437211012616668,1.4251377489999868,0.0008547561,0.020989405,2.4118408560752873,2.434501051902771
239,13,500014132,R,32.63471685295,10.508914848000133,0.0053796041747372295,0.0417017082029875,6.257601334782312,5.0508144949670655
240,268,501010153,M,43.23983576368334,1.9201582149999008,0.00025904869999999997,0.011594591999999999,1.4441515319049358,1.424326840788126
241,94,501017042,R,35.42067492968333,11.280310726999689,0.011733683132831673,0.08085769493414179,13.218948071451948,9.71788011192828
242,70,501010153,R,32.37733669668334,10.294427657000142,0.0010812711480668057,0.02546614636770448,3.158265876828797,3.0765556466931248
243,251,501016123,M,31.633504440200003,1.3712120699999562,0.0022922547,0.021884183999999997,5.920911580324173,3.2270498573780064
244,125,500014112,D,427.65538382618337,18.51337732599859,0.010826419446349695,0.05256481647282285,23.957964094476253,12.039524467744148
245,224,500014112,M,33.63792306716667,1.4810042619999422,0.010739245,0.052304015,23.607371747493744,12.21400499343872
247,260,501017061,M,32.718374473833336,1.4004472670001178,0.0019972813,0.032215600000000004,3.946666046977043,3.793857991695404
248,149,501016081,D,407.9471205373,18.61186060600085,0.0009614105782793222,0.01899227185554338,2.611577404453934,2.400514880464038
249,249,501016092,M,31.646291898766666,1.365648643999975,0.0010669954,0.015218488999999998,2.3864990100264554,2.0195269957184787
250,261,501010023,M,32.53575775225,1.487468261999993,0.0003741129,0.013313181,1.661362312734127,1.6366200521588326
251,208,500014092,M,32.95882001376667,1.4540874479998818,0.0062003927000000006,0.048986807,8.386977016925814,7.664887607097626
253,119,500011053,D,391.16867418733335,16.93668966000041,0.0030747645732911496,0.02257047912983107,4.672048715729944,2.9161364646692514
254,110,500014111,D,394.54414753621666,16.793631764998278,0.0011079219295804332,0.025409575176336317,3.4256336148715536,3.325902355962848
255,265,501010103,M,34.65471772465,1.5212433510000665,0.0010961325999999999,0.018350791,2.654973044991493,2.5553964078426357
256,213,500010102,M,31.6502748795,1.422162870999955,0.0013414018,0.017924728,2.5512410327792168,2.3255908861756325
257,171,501011091,D,467.0024221106834,20.13275281200185,0.0007504503857009097,0.0161352259776794,2.079257461601438,2.0484696747149136
258,98,500017012,R,32.506925296683335,10.411955890999934,0.00508631811027157,0.04525838524190705,7.691773593823631,6.5444486559110775
259,274,501011152,M,32.367815686516664,1.4631522839999889,0.011165745,0.05551273,15.793365240097046,10.900692641735077
260,40,501011132,R,31.489114973950002,10.203783149000174,0.0123500669237514,0.05003961033722253,11.480982689290498,8.732803846681367
261,4,500011021,R,33.65314863585,10.69844880300002,0.0015459282780630518,0.026471230419589282,3.270636807492183,3.1586694156675863
262,286,501016132,M,31.450577402916668,1.3938021349999872,0.0024112267,0.02642059,4.143513739109038,3.739727661013603
263,118,500011033,D,427.57807949625004,18.689371761000075,0.003405248089356973,0.028400949037866944,4.492330836216378,3.801501695392719
264,230,501010061,M,32.84590095593333,1.4782962970000426,0.0015097016,0.018223127,2.6384262368082996,2.4826681241393094
266,111,500014121,D,378.69056479756665,16.756753599998774,0.00183090513631368,0.019708260636672945,2.9242880616191087,2.481473544695416
267,50,501016081,R,32.382478509883335,10.23509664900007,0.0021788861964880733,0.031622967066684465,4.259029869138134,3.908257260866375
269,91,501017011,R,36.169590624083334,11.292965347000065,0.005526180219662726,0.04712056270233152,9.084553129989333,6.013855862020298
270,129,501010031,D,377.8287277170833,16.70557336800266,0.00019980765410056747,0.009631513162924665,1.1925917545856382,1.1782848578635772
271,11,500014111,R,31.682516674333332,10.244055940999942,0.003790445267392507,0.04761992267275681,6.4288372941532375,6.090860900072255
272,218,500011053,M,35.351377841466665,1.5790402950001408,0.003010395,0.021290483,4.573376104235648,2.774849720299244
274,178,501012072,D,430.38353216545,19.20052665399999,0.0005641366071422322,0.014383781714162762,2.034227701334829,1.9717255714013624
275,140,501011141,D,405.3176812319167,20.647927578000235,0.006631787494312973,0.044109285115986926,9.254239651033476,8.081954753285189
276,157,501017023,D,418.8950261630334,18.477306050001058,0.0018199272471779051,0.018577541430619505,2.717644558761214,2.5423880291869896
277,19,500011033,R,31.526368196716664,10.123904059000095,0.00559465981801399,0.040481619310871936,6.063561173914818,5.266420084068316
278,9,500011092,R,35.46529075748333,11.262919608000177,0.0009844210671557233,0.019431360727327054,2.35713520777638,2.3164434201104744
280,99,500010093,D,392.93068668363327,16.95041553899864,0.009606074505129516,0.048990332777252864,17.124893328919228,9.66427590203508
281,229,501010053,M,31.491965511083333,1.4349306990000057,0.0006667142999999999,0.015882744,2.1112369373440742,2.0504370331764217
282,127,500014133,D,405.4327069233167,19.343711238001557,0.006327319166632148,0.028659949694250737,12.845576042624595,4.996989978398549
283,137,501011092,D,423.9231411333667,18.462944060000158,0.0014256434769937068,0.02484246929134749,3.113577380096602,3.0879081648030904
284,115,500010121,D,404.79307505266667,17.68248627399953,0.0006336480240069405,0.013967043749172865,1.7151618890498377,1.6780534848439184
286,27,500014122,R,35.48794025396667,11.04082435600003,0.02020420997261056,0.0589039384083937,26.96931793609177,9.489475589701916
287,87,501016122,R,31.723743740166665,9.90384853599994,0.01027753266673935,0.04076196305718502,8.515566882869459,12.858180026329407
288,190,501017011,D,381.61207707433334,17.624404669997602,0.002180347324116169,0.023775946310817243,5.491493129107615,3.256164442650632
290,193,501017042,D,384.3125427918333,16.89900956800193,0.0033463369729418557,0.03786641064260475,7.075947384001674,4.886870039247655
291,114,500010102,D,394.3385113311333,17.07441155199922,0.0014490129783820687,0.01888100899045113,2.6777308245061437,2.4379773862850955
292,105,500011052,D,379.62919375496665,17.184206923000602,0.0007742385820165593,0.019155504088654175,2.2173813884657183,2.2247909600238134
293,165,501010062,D,427.33600549935,18.962141565996717,0.005311190627123058,0.041829948356304714,8.154122905508743,7.202297702881642
294,253,501016142,M,34.493610087949996,1.4795748809997349,0.002945338,0.029901534,7.5539954006671906,3.9459120482206345
295,41,501011141,R,33.14171348083333,10.643471192000105,0.012382359997107463,0.058789779020353726,11.359456633480804,20.08638395242977
296,243,501012071,M,34.88026811698334,1.6565523499998562,0.0002890426,0.011099415,1.4944410882890224,1.4688401482999325
